<?xml version="1.0" encoding="UTF-8"?>
<project-private xmlns="http://www.netbeans.org/ns/project-private/1">
    <data xmlns="http://www.netbeans.org/ns/make-project-private/1">
        <activeConfTypeElem>1</activeConfTypeElem>
        <activeConfIndexElem>0</activeConfIndexElem>
    </data>
    <editor-bookmarks xmlns="http://www.netbeans.org/ns/editor-bookmarks/2" lastBookmarkId="0"/>
    <open-files xmlns="http://www.netbeans.org/ns/projectui-open-files/2">
        <group>
            <file>file:/home/jitka/workspace/NoveC/tcp_server.c</file>
            <file>file:/home/jitka/workspace/NoveC/hry.c</file>
            <file>file:/home/jitka/workspace/NoveC/globalni_promenne.c</file>
            <file>file:/home/jitka/workspace/NoveC/main.c</file>
            <file>file:/home/jitka/workspace/NoveC/klient.c</file>
            <file>file:/home/jitka/workspace/NoveC/konstanty.h</file>
            <file>file:/home/jitka/workspace/NoveC/klient.h</file>
            <file>file:/home/jitka/workspace/NoveC/konstanty.c</file>
            <file>file:/home/jitka/workspace/NoveC/zpracovavac_zprav.h</file>
            <file>file:/home/jitka/workspace/NoveC/hra.h</file>
            <file>file:/home/jitka/workspace/NoveC/zpracovavac_zprav.c</file>
            <file>file:/home/jitka/workspace/NoveC/klienti.h</file>
            <file>file:/home/jitka/workspace/NoveC/herni_otazky.h</file>
            <file>file:/home/jitka/workspace/NoveC/hry.h</file>
            <file>file:/home/jitka/workspace/NoveC/hra.c</file>
            <file>file:/home/jitka/workspace/NoveC/globalni_promenne.h</file>
            <file>file:/home/jitka/workspace/NoveC/tcp_server.h</file>
            <file>file:/home/jitka/workspace/NoveC/klienti.c</file>
            <file>file:/home/jitka/workspace/NoveC/herni_otazky.c</file>
        </group>
    </open-files>
</project-private>
