<?xml version="1.0" encoding="UTF-8"?>
<project-private xmlns="http://www.netbeans.org/ns/project-private/1">
    <editor-bookmarks xmlns="http://www.netbeans.org/ns/editor-bookmarks/2" lastBookmarkId="0"/>
    <open-files xmlns="http://www.netbeans.org/ns/projectui-open-files/2">
        <group>
            <file>file:/home/jitka/workspace/UPSKViz/src/komunikace/TcpPrijmac.java</file>
            <file>file:/home/jitka/workspace/UPSKViz/src/uzivatelskeRozhrani/IPohled.java</file>
            <file>file:/home/jitka/workspace/UPSKViz/src/KvizAplikace.java</file>
            <file>file:/home/jitka/workspace/UPSKViz/src/uzivatelskeRozhrani/obsahyOkna/HraOtazka.java</file>
            <file>file:/home/jitka/workspace/UPSKViz/src/uzivatelskeRozhrani/obsahyOkna/HraCekani.java</file>
            <file>file:/home/jitka/workspace/UPSKViz/src/uzivatelskeRozhrani/obsahyOkna/Start.java</file>
            <file>file:/home/jitka/workspace/UPSKViz/src/uzivatelskeRozhrani/obsahyOkna/Pripojovatko.java</file>
            <file>file:/home/jitka/workspace/UPSKViz/src/komunikace/TcpOdesilac.java</file>
            <file>file:/home/jitka/workspace/UPSKViz/src/uzivatelskeRozhrani/obsahyOkna/Prihlasovatko.java</file>
            <file>file:/home/jitka/workspace/UPSKViz/src/data/Prostrednik.java</file>
            <file>file:/home/jitka/workspace/UPSKViz/src/uzivatelskeRozhrani/obsahyOkna/HraVyhodnoceni.java</file>
            <file>file:/home/jitka/workspace/UPSKViz/src/uzivatelskeRozhrani/KvizScena.java</file>
            <file>file:/home/jitka/workspace/UPSKViz/src/uzivatelskeRozhrani/StavitelObsahuOkna.java</file>
        </group>
    </open-files>
</project-private>
