<?xml version="1.0" encoding="UTF-8"?>
<configurationDescriptor version="100">
  <logicalFolder name="root" displayName="root" projectFiles="true" kind="ROOT">
    <logicalFolder name="HeaderFiles"
                   displayName="Header Files"
                   projectFiles="true">
      <itemPath>globalni_promenne.h</itemPath>
      <itemPath>herni_otazky.h</itemPath>
      <itemPath>hra.h</itemPath>
      <itemPath>hry.h</itemPath>
      <itemPath>klient.h</itemPath>
      <itemPath>klienti.h</itemPath>
      <itemPath>konstanty.h</itemPath>
      <itemPath>tcp_server.h</itemPath>
      <itemPath>zpracovavac_zprav.h</itemPath>
    </logicalFolder>
    <logicalFolder name="ResourceFiles"
                   displayName="Resource Files"
                   projectFiles="true">
    </logicalFolder>
    <logicalFolder name="SourceFiles"
                   displayName="Source Files"
                   projectFiles="true">
      <itemPath>globalni_promenne.c</itemPath>
      <itemPath>herni_otazky.c</itemPath>
      <itemPath>hra.c</itemPath>
      <itemPath>hry.c</itemPath>
      <itemPath>klient.c</itemPath>
      <itemPath>klienti.c</itemPath>
      <itemPath>konstanty.c</itemPath>
      <itemPath>main.c</itemPath>
      <itemPath>tcp_server.c</itemPath>
      <itemPath>zpracovavac_zprav.c</itemPath>
    </logicalFolder>
    <logicalFolder name="TestFiles"
                   displayName="Test Files"
                   projectFiles="false"
                   kind="TEST_LOGICAL_FOLDER">
    </logicalFolder>
    <logicalFolder name="ExternalFiles"
                   displayName="Important Files"
                   projectFiles="false"
                   kind="IMPORTANT_FILES_FOLDER">
      <itemPath>Makefile</itemPath>
    </logicalFolder>
  </logicalFolder>
  <projectmakefile>Makefile</projectmakefile>
  <confs>
    <conf name="Debug" type="1">
      <toolsSet>
        <compilerSet>default</compilerSet>
        <dependencyChecking>true</dependencyChecking>
        <rebuildPropChanged>false</rebuildPropChanged>
      </toolsSet>
      <compileType>
        <linkerTool>
          <linkerLibItems>
            <linkerLibStdlibItem>PosixThreads</linkerLibStdlibItem>
          </linkerLibItems>
        </linkerTool>
      </compileType>
      <item path="globalni_promenne.c" ex="false" tool="0" flavor2="0">
      </item>
      <item path="globalni_promenne.h" ex="false" tool="3" flavor2="0">
      </item>
      <item path="herni_otazky.c" ex="false" tool="0" flavor2="0">
      </item>
      <item path="herni_otazky.h" ex="false" tool="3" flavor2="0">
      </item>
      <item path="hra.c" ex="false" tool="0" flavor2="0">
      </item>
      <item path="hra.h" ex="false" tool="3" flavor2="0">
      </item>
      <item path="hry.c" ex="false" tool="0" flavor2="0">
      </item>
      <item path="hry.h" ex="false" tool="3" flavor2="0">
      </item>
      <item path="klient.c" ex="false" tool="0" flavor2="0">
      </item>
      <item path="klient.h" ex="false" tool="3" flavor2="0">
      </item>
      <item path="klienti.c" ex="false" tool="0" flavor2="0">
      </item>
      <item path="klienti.h" ex="false" tool="3" flavor2="0">
      </item>
      <item path="konstanty.c" ex="false" tool="0" flavor2="0">
      </item>
      <item path="konstanty.h" ex="false" tool="3" flavor2="0">
      </item>
      <item path="main.c" ex="false" tool="0" flavor2="0">
      </item>
      <item path="tcp_server.c" ex="false" tool="0" flavor2="0">
      </item>
      <item path="tcp_server.h" ex="false" tool="3" flavor2="0">
      </item>
      <item path="zpracovavac_zprav.c" ex="false" tool="0" flavor2="0">
      </item>
      <item path="zpracovavac_zprav.h" ex="false" tool="3" flavor2="0">
      </item>
    </conf>
    <conf name="Release" type="1">
      <toolsSet>
        <compilerSet>default</compilerSet>
        <dependencyChecking>true</dependencyChecking>
        <rebuildPropChanged>false</rebuildPropChanged>
      </toolsSet>
      <compileType>
        <cTool>
          <developmentMode>5</developmentMode>
        </cTool>
        <ccTool>
          <developmentMode>5</developmentMode>
        </ccTool>
        <fortranCompilerTool>
          <developmentMode>5</developmentMode>
        </fortranCompilerTool>
        <asmTool>
          <developmentMode>5</developmentMode>
        </asmTool>
      </compileType>
      <item path="globalni_promenne.c" ex="false" tool="0" flavor2="0">
      </item>
      <item path="globalni_promenne.h" ex="false" tool="3" flavor2="0">
      </item>
      <item path="herni_otazky.c" ex="false" tool="0" flavor2="0">
      </item>
      <item path="herni_otazky.h" ex="false" tool="3" flavor2="0">
      </item>
      <item path="hra.c" ex="false" tool="0" flavor2="0">
      </item>
      <item path="hra.h" ex="false" tool="3" flavor2="0">
      </item>
      <item path="hry.c" ex="false" tool="0" flavor2="0">
      </item>
      <item path="hry.h" ex="false" tool="3" flavor2="0">
      </item>
      <item path="klient.c" ex="false" tool="0" flavor2="0">
      </item>
      <item path="klient.h" ex="false" tool="3" flavor2="0">
      </item>
      <item path="klienti.c" ex="false" tool="0" flavor2="0">
      </item>
      <item path="klienti.h" ex="false" tool="3" flavor2="0">
      </item>
      <item path="konstanty.c" ex="false" tool="0" flavor2="0">
      </item>
      <item path="konstanty.h" ex="false" tool="3" flavor2="0">
      </item>
      <item path="main.c" ex="false" tool="0" flavor2="0">
      </item>
      <item path="tcp_server.c" ex="false" tool="0" flavor2="0">
      </item>
      <item path="tcp_server.h" ex="false" tool="3" flavor2="0">
      </item>
      <item path="zpracovavac_zprav.c" ex="false" tool="0" flavor2="0">
      </item>
      <item path="zpracovavac_zprav.h" ex="false" tool="3" flavor2="0">
      </item>
    </conf>
  </confs>
</configurationDescriptor>
